State,DUN,Name,Party,Vote,Result
Pahang,Tanah Rata,Ho Chi Yang,Pakatan Harapan,9856,Menang
Pahang,Tanah Rata,Wong Yap Wah,Barisan Nasional,7372,Kalah
Pahang,Tanah Rata,Lai Chii,Perikatan Nasional,1353,Kalah
Pahang,Jelai,Dato' Sri Wan Rosdy Bin Wan Ismail,Barisan Nasional,10092,Menang
Pahang,Jelai,Dr. Abdul Rasid,Perikatan Nasional,3109,Kalah
Pahang,Jelai,Ismail Bin Mohd Hussin,Pakatan Harapan,1465,Kalah
Pahang,Padang Tengku,Mustapa Long,Barisan Nasional,7198,Menang
Pahang,Padang Tengku,Khaider Kamil,Perikatan Nasional,6691,Kalah
Pahang,Padang Tengku,Ruzi @ Nata Bin Yusuff,Pakatan Harapan,1203,Kalah
Pahang,Padang Tengku,Mohd Rostam Bin Mustapha,Parti Pejuang Tanahair,176,Kalah
Pahang,Cheka,Tuan Ibrahim,Perikatan Nasional,5634,Menang
Pahang,Cheka,Aishaton Binti Abu Bakar,Parti Pejuang Tanahair,81,Kalah
Pahang,Cheka,Rasid Bin Muhamad,Pakatan Harapan,2255,Kalah
Pahang,Cheka,Ho Fong Mee,Barisan Nasional,4411,Kalah
Pahang,Benta,Dato Sri Soffi Tan Sri Razak,Barisan Nasional,3948,Menang
Pahang,Benta,Rizal Bin Jamin,Pakatan Harapan,2427,Kalah
Pahang,Benta,Cikgu Embong Lias,Perikatan Nasional,1814,Kalah
Pahang,Batu Talam,Abd Aziz Bin Mat Kiram,Barisan Nasional,7992,Menang
Pahang,Batu Talam,Ahmad Sabri Bin Mat Dui,Perikatan Nasional,5123,Kalah
Pahang,Batu Talam,Shahuddin Bin Abdul Rahman,Pakatan Harapan,1969,Kalah
Pahang,Tras,Lim Teck Hoe,Barisan Nasional,5858,Kalah
Pahang,Tras,Amirul Kuek,Perikatan Nasional,4233,Kalah
Pahang,Tras,Tengku Zulpuri Shah Bin Raja Puji,Pakatan Harapan,17255,Menang
Pahang,Tras,Ustaz Tahir,Parti Pejuang Tanahair,340,Kalah
Pahang,Dong,Fadzli Bin Mohamad Kamal,Barisan Nasional,6142,Menang
Pahang,Dong,Tengku Amir,Perikatan Nasional,5096,Kalah
Pahang,Dong,Mohd Jawaad ,Pakatan Harapan,2309,Kalah
Pahang,Tahan,Faezah Ishak,Barisan Nasional,6763,Kalah
Pahang,Tahan,Ustaz Zakuan,Perikatan Nasional,8777,Menang
Pahang,Tahan,Talib Tahar,Pakatan Harapan,724,Kalah
Pahang,Damak,Fasal Jamlus,Barisan Nasional,6655,Kalah
Pahang,Damak,Zuridan Bin Mohd Daud,Perikatan Nasional,10883,Menang
Pahang,Damak,Izzuddin Bin Ismail,Bebas,82,Kalah
Pahang,Damak,Mohamad Rafly Bin Mohd Satar,Pakatan Harapan,8587,Kalah
Pahang,Pulau Tawar,Dato' Hj. Nazri Bin Ngah,Barisan Nasional,9499,Kalah
Pahang,Pulau Tawar,Ustaz Yohanis ,Perikatan Nasional,12986,Menang
Pahang,Pulau Tawar,Norani Ijam,Pakatan Harapan,1091,Kalah
Pahang,Pulau Tawar,Dato' Ridzuan Bin Mansor,Bebas,544,Kalah
Pahang,Pulau Tawar,Mohd Rosidi Bin Hassan,Parti Pejuang Tanahair,50,Kalah
Pahang,Beserah,Dato' Indera Haji Mustaffar Kamal Bin Haji Ab Hamid,Barisan Nasional,9346,Kalah
Pahang,Beserah,Andansura Rabu,Perikatan Nasional,23867,Menang
Pahang,Beserah,Joseph Tang,Bebas,126,Kalah
Pahang,Beserah,Cikgu Mohd Pauzi,Parti Pejuang Tanahair,394,Kalah
Pahang,Beserah,Haji Zulkifli Mohamed,Pakatan Harapan,12346,Kalah
Pahang,Semambu,Haji Khairul Hisham B. Omar,Barisan Nasional,10422,Kalah
Pahang,Semambu,Zulfadli Zakariah,Perikatan Nasional,17098,Kalah
Pahang,Semambu,Dr Rashidah Binti Abdul Rahman,Parti Pejuang Tanahair,820,Kalah
Pahang,Semambu,Chan Chun Kuang,Pakatan Harapan,18902,Menang
Pahang,Teruntum,Misty@Tee Choon Ser,Barisan Nasional,4304,Kalah
Pahang,Teruntum,Ranndy Yap,Perikatan Nasional,3676,Kalah
Pahang,Teruntum,Khairul Afifie Bin Abdullah,Parti Pejuang Tanahair,1180,Kalah
Pahang,Teruntum,Sim Chon Siang,Pakatan Harapan,8679,Menang
Pahang,Tanjung Lumpur,Nara Nordin,Barisan Nasional,7710,Kalah
Pahang,Tanjung Lumpur,Ustaz Rosli Abdul Jabar,Perikatan Nasional,16699,Menang
Pahang,Tanjung Lumpur,Ab 'Alim Bin Ruslam Ahmad,Parti Pejuang Tanahair,167,Kalah
Pahang,Tanjung Lumpur,Hajah Sabrina,Pakatan Harapan,5796,Kalah
Pahang,Inderapura,Dato' Sri Haji Shafik Fauzan Bin Sharif,Barisan Nasional,7029,Menang
Pahang,Inderapura,Tok Hafizal,Perikatan Nasional,6107,Kalah
Pahang,Inderapura,Norashikin Binti Ismail,Parti Pejuang Tanahair,64,Kalah
Pahang,Inderapura,Haji Fakhrul Anuar Bin Zulkawi,Pakatan Harapan,2030,Kalah
Pahang,Sungai Lembing,Dato' Haji Umor Arbain Bin Dollah,Barisan Nasional,5908,Kalah
Pahang,Sungai Lembing,Ayub Ashri,Perikatan Nasional,6962,Menang
Pahang,Sungai Lembing,Mejar Anuar Tajuddin (B),Parti Pejuang Tanahair,86,Kalah
Pahang,Sungai Lembing,Dato Sri Ahmad Omar,Pakatan Harapan,1738,Kalah
Pahang,Lepar,Dato' Abd Rahim Bin Muda,Barisan Nasional,8017,Kalah
Pahang,Lepar,Mohd Yazid Bin Mohd Yunus,Perikatan Nasional,8436,Menang
Pahang,Lepar,Ir. Rosminahar,Parti Pejuang Tanahair,103,Kalah
Pahang,Lepar,Ibrohim Mazalan,Pakatan Harapan,3166,Kalah
Pahang,Panching,Fauziah Binti Abd Wahab,Barisan Nasional,8031,Kalah
Pahang,Panching,Ustaz Mohd Tarmizi Yahaya,Perikatan Nasional,15167,Menang
Pahang,Panching,Afif Syairol,Parti Pejuang Tanahair,130,Kalah
Pahang,Panching,Haslindalina Hashim,Pakatan Harapan,4243,Kalah
Pahang,Pulau Manis,Khairil Khalid,Pakatan Harapan,1901,Kalah
Pahang,Pulau Manis,Khairuddin Bin Mahmud,Barisan Nasional,9133,Kalah
Pahang,Pulau Manis,Rafiq Khan,Perikatan Nasional,13064,Menang
Pahang,Peramu Jaya,Mohamad Nizar Bin Mohamad Najib,Barisan Nasional,19337,Menang
Pahang,Peramu Jaya,Cikgu Talib,Perikatan Nasional,11514,Kalah
Pahang,Peramu Jaya,Tengku Dato' Hisham,Bebas,193,Kalah
Pahang,Peramu Jaya,Tugimon Bin Abdul Hamid,Pakatan Harapan,2511,Kalah
Pahang,Bebar,Mohammad Fakhruddin Bin Mohd Ariff,Barisan Nasional,10485,Menang
Pahang,Bebar,Narzatul Haidar Bin Sakim,Perikatan Nasional,4212,Kalah
Pahang,Bebar,Ibrahim Bin Sulaiman,Pakatan Harapan,866,Kalah
Pahang,Chini,Mohd Sharim Bin Md Zain,Barisan Nasional,10588,Menang
Pahang,Chini,Razi Jalal,Perikatan Nasional,8463,Kalah
Pahang,Chini,Mohamad Yazid Bin Che Mat,Pakatan Harapan,833,Kalah
Pahang,Luit,Jamaluddin Md. Marzuki,Barisan Nasional,4836,Kalah
Pahang,Luit,Mohd Sofian Bin Abd Jalil,Perikatan Nasional,6002,Menang
Pahang,Luit,Mohd. Afandi Abd. Rani,Pakatan Harapan,1584,Kalah
Pahang,Kuala Sentul,Khairuddin Ali,Barisan Nasional,5775,Kalah
Pahang,Kuala Sentul,Jasri Bin Jamaludin,Perikatan Nasional,6016,Menang
Pahang,Kuala Sentul,Amran Bin Tahir,Pakatan Harapan,1223,Kalah
Pahang,Chenor,Saiful Anuar Mokhtar,Barisan Nasional,6149,Kalah
Pahang,Chenor,Ustaz Mujibur Rahman,Perikatan Nasional,8855,Menang
Pahang,Chenor,Sham Sukie,Pakatan Harapan,637,Kalah
Pahang,Jenderak,Rodzuan Bin Zaaba,Barisan Nasional,5409,Menang
Pahang,Jenderak,Ustaz Md Anuar Bin Daud,Perikatan Nasional,3955,Kalah
Pahang,Jenderak,Mohamad Hafez Bin Harun,Pakatan Harapan,1447,Kalah
Pahang,Kerdau,Syed Ibrahim Bin Syed Ahmad,Barisan Nasional,6531,Menang
Pahang,Kerdau,Arhan Saludin @ Cheni,Perikatan Nasional,4602,Kalah
Pahang,Kerdau,Ahmad Arif Bin Md Daud,Pakatan Harapan,988,Kalah
Pahang,Jengka,Norhasmimi Binti Abdul Ghani,Barisan Nasional,8405,Kalah
Pahang,Jengka,Ustaz Haji Shahril Azman Bin Abd Halim Al Hafiz,Perikatan Nasional,15309,Menang
Pahang,Jengka,Ustaz Jamaluddin,Pakatan Harapan,1111,Kalah
Pahang,Mentakab,Woo Chee Wan,Pakatan Harapan,12905,Menang
Pahang,Mentakab,Wong Tze Shiang,Barisan Nasional,5996,Kalah
Pahang,Mentakab,Cikgu Mohd Yusoff,Perikatan Nasional,9248,Kalah
Pahang,Mentakab,Abdul Wahab Bin Kadir,Parti Pejuang Tanahair,287,Kalah
Pahang,Lanchang,Dato' Razmi Bin Sudin,Barisan Nasional,9573,Kalah
Pahang,Lanchang,Hasan Omar,Perikatan Nasional,10024,Menang
Pahang,Lanchang,Jamil Yaakub,Parti Rakyat Malaysia,203,Kalah
Pahang,Lanchang,Rosli Ismail,Pakatan Harapan,4840,Kalah
Pahang,Lanchang,Lt Kol Zaini Bin Mohamad (B),Parti Pejuang Tanahair,328,Kalah
Pahang,Kuala Semantan,Dato' Nor Azmi Bin Mat Ludin,Barisan Nasional,10648,Kalah
Pahang,Kuala Semantan,Hassanuddin Salim,Perikatan Nasional,12386,Menang
Pahang,Kuala Semantan,Syafiq Khaidir,Parti Pejuang Tanahair,225,Kalah
Pahang,Kuala Semantan,Azizul Shah,Pakatan Harapan,5918,Kalah
Pahang,Bilut,Lee Chin Chen,Pakatan Harapan,8895,Menang
Pahang,Bilut,Wong Siew Mun,Barisan Nasional,5784,Kalah
Pahang,Bilut,Dato' Sri Chandra Balabedha,Perikatan Nasional,3363,Kalah
Pahang,Bilut,Mohd Shokri,Parti Pejuang Tanahair,433,Kalah
Pahang,Ketari,Su Keong Siong,Pakatan Harapan,9722,Menang
Pahang,Ketari,Amizar Bin Abu Adam,Barisan Nasional,9602,Kalah
Pahang,Ketari,William Tan,Perikatan Nasional,4290,Kalah
Pahang,Sabai,Kamache Doray Rajoo,Pakatan Harapan,4348,Kalah
Pahang,Sabai,Qomar,Perikatan Nasional,3053,Kalah
Pahang,Sabai,V. Arumugam,Barisan Nasional,4444,Menang
Pahang,Pelangai,Johari Bin Harun,Barisan Nasional,7308,Menang
Pahang,Pelangai,Cikgu Kasim,Perikatan Nasional,3260,Kalah
Pahang,Pelangai,Isa Bin Ahmad,Parti Pejuang Tanahair,65,Kalah
Pahang,Pelangai,Ahmed Wafiuddin Shamsuri,Pakatan Harapan,2031,Kalah
Pahang,Guai,Sabariah Binti Saidan,Barisan Nasional,9425,Menang
Pahang,Guai,Hjh Nor Hashimah,Perikatan Nasional,6747,Kalah
Pahang,Guai,Jafari Mohd Yusof,Bebas,977,Kalah
Pahang,Guai,Hajah Noraini Abdul Ghani,Pakatan Harapan,1906,Kalah
Pahang,Triang,Leong Yu Man,Pakatan Harapan,10816,Menang
Pahang,Triang,Yee Cheng Hwa,Barisan Nasional,4597,Kalah
Pahang,Triang,Izzuddin Zulkifli,Perikatan Nasional,3557,Kalah
Pahang,Kemayan,Khaizulnizam Bin Mohamad Zuldin (Angah),Barisan Nasional,13778,Menang
Pahang,Kemayan,Ustaz Safuan Husin,Perikatan Nasional,6865,Kalah
Pahang,Bukit Ibam,Datin Hajjah Samsiah Binti Haji Arshad,Barisan Nasional,10032,Kalah
Pahang,Bukit Ibam,Ustaz Nazri,Perikatan Nasional,12488,Menang
Pahang,Bukit Ibam,Barirah Mokhtar,Pakatan Harapan,1096,Kalah
Pahang,Muadzam Shah,Ir. Razali Bin Kassim,Barisan Nasional,10990,Menang
Pahang,Muadzam Shah,Jaafar Mustaffa,Perikatan Nasional,9756,Kalah
Pahang,Muadzam Shah,Norlaily Forizad,Pakatan Harapan,1523,Kalah
Perak,Temengor,Salbiah Mohamed,Barisan Nasional,8468,Menang
Perak,Temengor,Mohd Noor,Perikatan Nasional,7420,Kalah
Perak,Temengor,Dr Safwan,Pakatan Harapan,3749,Kalah
Perak,Kenering,Rohaida Binti Mohamad Yaakub,Barisan Nasional,6901,Kalah
Perak,Kenering,Ustaz Husairi Ariffin,Perikatan Nasional,7664,Menang
Perak,Kenering,Mohamad Jamean,Pakatan Harapan,1745,Kalah
Perak,Kota Tampan,Mohd Sabri Bin Abdul Manaf,Pakatan Harapan,1637,Kalah
Perak,Kota Tampan,Haji Jamil Yahya,Perikatan Nasional,4231,Kalah
Perak,Kota Tampan,Saarani Mohamad,Barisan Nasional,5468,Menang
Perak,Selama,Razali Ismail,Pakatan Harapan,2343,Kalah
Perak,Selama,Cikgu Faizul Rizal,Barisan Nasional,5000,Kalah
Perak,Selama,Ustaz Akmal Hj. Kamarudin,Perikatan Nasional,10358,Menang
Perak,Selama,Osman Bin Sidek,Bebas,61,Kalah
Perak,Pengkalan Hulu,Abg Man,Pakatan Harapan,2041,Kalah
Perak,Pengkalan Hulu,Haji Aznel B Haji Ibrahim,Barisan Nasional,5790,Kalah
Perak,Pengkalan Hulu,Amin Roslan,Perikatan Nasional,7114,Menang
Perak,Kubu Gajah,Rusli Bakar,Pakatan Harapan,1188,Kalah
Perak,Kubu Gajah,Cikgu Man,Barisan Nasional,5546,Kalah
Perak,Kubu Gajah,Khalil Bin Yahaya,Perikatan Nasional,9868,Menang
Perak,Kubu Gajah,Fuaddin Bin Kamaruddin,Parti Pejuang Tanahair,79,Kalah
Perak,Batu Kurau,Maklong Liza,Barisan Nasional,5588,Kalah
Perak,Batu Kurau,Kapt (B) Dato Najmuddin,Perikatan Nasional,8806,Menang
Perak,Batu Kurau,Cikgu Zulkifli,Parti Pejuang Tanahair,317,Kalah
Perak,Batu Kurau,Muhamad Aiman Aizuddin Bin Md Husin,Pakatan Harapan,2669,Kalah
Perak,Titi Serong,Muhamad Nakhaie Abd Wahab,Pakatan Harapan,8291,Kalah
Perak,Titi Serong,Ustaz Hakimi,Perikatan Nasional,13565,Menang
Perak,Titi Serong,Penghulu Shahrul,Barisan Nasional,6497,Kalah
Perak,Kuala Kurau,Cikgu Jamil,Barisan Nasional,5292,Kalah
Perak,Kuala Kurau,Dato' Yunus Jamhari,Perikatan Nasional,10309,Menang
Perak,Kuala Kurau,Cikgu Anuar,Pakatan Harapan,8962,Kalah
Perak,Alor Pongsu,Dato' Hj. Sham Mat Sahat,Barisan Nasional,6607,Kalah
Perak,Alor Pongsu,Haji Noor Azman Bin Ghazali,Perikatan Nasional,10622,Menang
Perak,Alor Pongsu,Hj Khairul ,Pakatan Harapan,5004,Kalah
Perak,Gunong Semanggol,Nazirul Bin Jamaluddin,Barisan Nasional,5359,Kalah
Perak,Gunong Semanggol,Haji Razman Bin Zakaria,Perikatan Nasional,12825,Menang
Perak,Gunong Semanggol,Sheikh Khuzaifah,Pakatan Harapan,3447,Kalah
Perak,Selinsing,Cikgu Mohamad Noor,Barisan Nasional,5414,Kalah
Perak,Selinsing,Ustaz Sallehuddin,Perikatan Nasional,8693,Menang
Perak,Selinsing,Ustaz Saqif Ansorullah ,Pakatan Harapan,4597,Kalah
Perak,Kuala Sepetang,Mohd Kamaruddin Bin Abu Bakar,Barisan Nasional,8687,Kalah
Perak,Kuala Sepetang,Cikgu Mad,Perikatan Nasional,12582,Menang
Perak,Kuala Sepetang,Zaza,Parti Pejuang Tanahair,166,Kalah
Perak,Kuala Sepetang,Dato Zainal Azman Bin Abu Seman,Pakatan Harapan,9002,Kalah
Perak,Changkat Jering,Ahmad Saidi,Barisan Nasional,8639,Kalah
Perak,Changkat Jering,Ir. Haji Megat Shariffudin,Pakatan Harapan,7511,Kalah
Perak,Changkat Jering,Haji Rahim Ismail,Perikatan Nasional,11790,Menang
Perak,Changkat Jering,Mejar (B) Nazar Bin Talib,Parti Pejuang Tanahair,208,Kalah
Perak,Trong,Cikgu Jamilah Bt Zakaria,Barisan Nasional,5055,Kalah
Perak,Trong,Ustaz Faisal Bin Abdul Rahman,Perikatan Nasional,5671,Menang
Perak,Trong,Mustafaa Kamal,Parti Pejuang Tanahair,112,Kalah
Perak,Trong,Junaida Jamaludin,Pakatan Harapan,2119,Kalah
Perak,Kamunting,Ahmad Shalimin,Barisan Nasional,6674,Kalah
Perak,Kamunting,Dr. Fadhil,Pakatan Harapan,9945,Kalah
Perak,Kamunting,Ustaz Fakhrudin,Perikatan Nasional,13045,Menang
Perak,Pokok Assam,Ang Sui Eng,Barisan Nasional,2660,Kalah
Perak,Pokok Assam,Ong Seng Guan,Pakatan Harapan,16726,Menang
Perak,Pokok Assam,Haji Juhari,Perikatan Nasional,4546,Kalah
Perak,Pokok Assam,Mohd Yusoff Bin Abdull Hamid,Bebas,111,Kalah
Perak,Pokok Assam,Leow Thye Yih,Bebas,786,Kalah
Perak,Aulong,Teh Kok Lim,Pakatan Harapan,20306,Menang
Perak,Aulong,Koay Boon Hui,Perikatan Nasional,5449,Kalah
Perak,Aulong,Cikgu Shanmuganelloo,Barisan Nasional,3756,Kalah
Perak,Aulong,Lee Seng Yap,Bebas,739,Kalah
Perak,Aulong,Abu Bakar Bin Abdul Rahman,Bebas,415,Kalah
Perak,Chenderoh,Khairuddin Bin Mohamed Azahari,Barisan Nasional,5267,Kalah
Perak,Chenderoh,Syed Lukman Hakim,Perikatan Nasional,5342,Menang
Perak,Chenderoh,Ahmad Rodzi Abdul Rahim,Parti Pejuang Tanahair,132,Kalah
Perak,Chenderoh,Mohd Khairol Iwan,Pakatan Harapan,2803,Kalah
Perak,Lubok Merbau,Mohamad Azir Bin Ismail,Barisan Nasional,4767,Kalah
Perak,Lubok Merbau,Cikgu Zaiton,Pakatan Harapan,3880,Kalah
Perak,Lubok Merbau,Ustaz Azizi,Perikatan Nasional,7722,Menang
Perak,Lintang,Dato Hj. Mohd Zolkafly Hj. Harun,Barisan Nasional,12025,Menang
Perak,Lintang,Ahmad Daslie Bin Osman,Perikatan Nasional,6745,Kalah
Perak,Lintang,Zaim Sidqi,Pakatan Harapan,6061,Kalah
Perak,Jalong,Pan Chean Chang,Barisan Nasional,7242,Kalah
Perak,Jalong,Loh Sze Yee,Pakatan Harapan,15955,Menang
Perak,Jalong,Dato Naran Singh,Perikatan Nasional,3043,Kalah
Perak,Jalong,Indrani,Bebas,767,Kalah
Perak,Manjoi,Azizul Kama Abd Aziz,Barisan Nasional,14699,Kalah
Perak,Manjoi,Asmuni Awi,Pakatan Harapan,23084,Kalah
Perak,Manjoi,Ustaz Hafez Sabri,Perikatan Nasional,29852,Menang
Perak,Hulu Kinta,Datuk Mazlan Bin Abd Rahman,Barisan Nasional,16224,Kalah
Perak,Hulu Kinta,Puteri Holijah,Perikatan Nasional,18057,Kalah
Perak,Hulu Kinta,Muhamad Arafat,Pakatan Harapan,22220,Menang
Perak,Hulu Kinta,Murugiah Subramaniam,Bebas,437,Kalah
Perak,Canning,Woo Kok Toong,Barisan Nasional,1793,Kalah
Perak,Canning,Jenny Choy Tsi Jen,Pakatan Harapan,22527,Menang
Perak,Canning,Pang Boon Yang,Perikatan Nasional,1542,Kalah
Perak,Tebing Tinggi,Tony Khoo Boon Chuan,Barisan Nasional,5705,Kalah
Perak,Tebing Tinggi,Aziz Bari,Pakatan Harapan,11286,Menang
Perak,Tebing Tinggi,Iskandar Cikgu Rahman,Perikatan Nasional,10626,Kalah
Perak,Tebing Tinggi,Mior Haidir,Parti Pejuang Tanahair,194,Kalah
Perak,Pasir Pinji,Soo Poh Yeow,Barisan Nasional,1523,Kalah
Perak,Pasir Pinji,Goh See Hua,Pakatan Harapan,23692,Menang
Perak,Pasir Pinji,Lam Kin Yip,Perikatan Nasional,973,Kalah
Perak,Bercham,Albert Ho,Barisan Nasional,3482,Kalah
Perak,Bercham,Ong Boon Piow,Pakatan Harapan,29596,Menang
Perak,Bercham,Lim Jin Sheng,Perikatan Nasional,3351,Kalah
Perak,Kepayang,Lim Huey Shan,Barisan Nasional,2035,Kalah
Perak,Kepayang,Dr. Richard Ng,Perikatan Nasional,2486,Kalah
Perak,Kepayang,Nga Kor Ming,Pakatan Harapan,11977,Menang
Perak,Buntong,Thulsi Manogaran,Pakatan Harapan,21412,Menang
Perak,Buntong,Sivasubramaniam,Perikatan Nasional,1437,Kalah
Perak,Buntong,Muhammad Faiz Abdullah,Bebas,140,Kalah
Perak,Buntong,Sebastiar,Bebas,237,Kalah
Perak,Buntong,S. Jayagopi,Barisan Nasional,2257,Kalah
Perak,Jelapang,Cheah Pou Hian,Pakatan Harapan,21554,Menang
Perak,Jelapang,Navinten A/L Sundarajan,Perikatan Nasional,1299,Kalah
Perak,Jelapang,Hamidah Binti Muhamad,Barisan Nasional,1443,Kalah
Perak,Menglembu,Phoon Kai Mun,Barisan Nasional,1684,Kalah
Perak,Menglembu,Chaw Kam Foon,Pakatan Harapan,22875,Menang
Perak,Menglembu,Wong Kean Rong,Perikatan Nasional,1456,Kalah
Perak,Tronoh,Leong Chee Wai,Barisan Nasional,3351,Kalah
Perak,Tronoh,Steven Tiw,Pakatan Harapan,15602,Menang
Perak,Tronoh,Sin Koon Yen,Perikatan Nasional,4230,Kalah
Perak,Tronoh,Bryan Yong Wu Sean,Parti Bangsa Malaysia,710,Kalah
Perak,Tronoh,Meor Shahimudin Bin Hj Hasim,Bebas,259,Kalah
Perak,Tronoh,Roslan Bin Ismail,Parti Pejuang Tanahair,478,Kalah
Perak,Bukit Chandan,Azizul Rahim,Barisan Nasional,5386,Kalah
Perak,Bukit Chandan,Dr. Hashim Bin Bujang,Perikatan Nasional,6550,Menang
Perak,Bukit Chandan,Amir Sabri,Pakatan Harapan,5108,Kalah
Perak,Manong,Jamsari Mahamood,Pakatan Harapan,5137,Kalah
Perak,Manong,Mustafa Shah,Barisan Nasional,5308,Kalah
Perak,Manong,Berhanudin Ahmad,Perikatan Nasional,8220,Menang
Perak,Pengkalan Baharu,Cikgu Man,Barisan Nasional,6665,Menang
Perak,Pengkalan Baharu,Ahmad Faisal Bin Haji Mansor,Perikatan Nasional,5589,Kalah
Perak,Pengkalan Baharu,Cikgu Halim,Parti Pejuang Tanahair,125,Kalah
Perak,Pengkalan Baharu,Jais Ashfaq,Pakatan Harapan,4045,Kalah
Perak,Pantai Remis,Wong May Ing,Pakatan Harapan,20840,Menang
Perak,Pantai Remis,Albert Looi,Barisan Nasional,4408,Kalah
Perak,Pantai Remis,Eee Chin Oon,Perikatan Nasional,3600,Kalah
Perak,Astaka,Jason Ng Thien Yeong,Pakatan Harapan,21128,Menang
Perak,Astaka,Dr Chieng Lee Chong,Barisan Nasional,3293,Kalah
Perak,Astaka,Ah Yong ( Ian ),Perikatan Nasional,2612,Kalah
Perak,Belanja,Hishamuddin Abdullah,Pakatan Harapan,1881,Kalah
Perak,Belanja,Cikgu Din,Barisan Nasional,6374,Menang
Perak,Belanja,Meor Naqiuddin,Perikatan Nasional,5151,Kalah
Perak,Belanja,Ustaz Shaharuzzaman,Parti Pejuang Tanahair,146,Kalah
Perak,Bota,Khairul Shahril Bin Mohamed,Barisan Nasional,9312,Kalah
Perak,Bota,Dr.Najiha,Perikatan Nasional,11275,Menang
Perak,Bota,Shahril Harahab,Parti Pejuang Tanahair,218,Kalah
Perak,Bota,Kapt. Hj. Usaili Bin Alias (B),Pakatan Harapan,3138,Kalah
Perak,Malim Nawar,Shasha,Pakatan Harapan,10905,Menang
Perak,Malim Nawar,Ir. Chin Woon Kheong,Barisan Nasional,3646,Kalah
Perak,Malim Nawar,Leong Cheok Keng ,Parti Warisan Sabah,684,Kalah
Perak,Malim Nawar,Sherry Syed,Perikatan Nasional,3383,Kalah
Perak,Keranji,Angeline Koo Haai Yen,Pakatan Harapan,12201,Menang
Perak,Keranji,Foong Kar Sing,Perikatan Nasional,1803,Kalah
Perak,Keranji,Ng Wah Leng,Barisan Nasional,3452,Kalah
Perak,Keranji,Puah Chee Haur,Parti Warisan Sabah,110,Kalah
Perak,Tualang Sekah,Pazli Abdullah Sani,Perikatan Nasional,7772,Kalah
Perak,Tualang Sekah,Datuk Abd Rahman,Barisan Nasional,7524,Kalah
Perak,Tualang Sekah,Azlan Helmi,Pakatan Harapan,8025,Menang
Perak,Sungai Rapat,Dato Seri Nizar ,Pakatan Harapan,15065,Menang
Perak,Sungai Rapat,Mahader Ayob,Perikatan Nasional,11571,Kalah
Perak,Sungai Rapat,Datuk Hang Tuah Din,Barisan Nasional,9152,Kalah
Perak,Sungai Rapat,Roshanita Binti Mohamad Basir,Parti Warisan Sabah,154,Kalah
Perak,Simpang Pulai,K.Selvam,Perikatan Nasional,7403,Kalah
Perak,Simpang Pulai,Ir. Dr. Wayne Lee,Barisan Nasional,5956,Kalah
Perak,Simpang Pulai,Hooi Mi Suet,Parti Warisan Sabah,310,Kalah
Perak,Simpang Pulai,Wong Chai Yi,Pakatan Harapan,30676,Menang
Perak,Teja,Ahmad Ishak,Perikatan Nasional,5794,Kalah
Perak,Teja,Liew Yee Lin,Barisan Nasional,6259,Kalah
Perak,Teja,Low Leong Sin,Parti Warisan Sabah,176,Kalah
Perak,Teja,Aswannudin Bin Hariffudin,Parti Pejuang Tanahair,214,Kalah
Perak,Teja,Sandrea Ng,Pakatan Harapan,10814,Menang
Perak,Chenderiang,Mejar Bersekutu (Pa) Mhod Yunus Bin Mhd Yusop,Perikatan Nasional,4862,Kalah
Perak,Chenderiang,Ahmad Tarmizi Bin Mohd Ghazali,Parti Warisan Sabah,93,Kalah
Perak,Chenderiang,Mohd. Amin Bin Man,Parti Pejuang Tanahair,134,Kalah
Perak,Chenderiang,Atyrah Hanim,Pakatan Harapan,6155,Kalah
Perak,Chenderiang,Choong Shin Heng,Barisan Nasional,8406,Menang
Perak,Chenderiang,Atan Katering,Bebas,368,Kalah
Perak,Chenderiang,Teratai A/P Bah Arom (Asli Semai),Bebas,1070,Kalah
Perak,Ayer Kuning,Ustaz Farid,Perikatan Nasional,6812,Kalah
Perak,Ayer Kuning,Haji Ishsam Haji Shahruddin,Barisan Nasional,9088,Menang
Perak,Ayer Kuning,Noor Hasnida Hashim,Parti Warisan Sabah,0,Kalah
Perak,Ayer Kuning,Bawani Ks,Parti Sosialis Malaysia,586,Kalah
Perak,Ayer Kuning,Mej (Dr) Mohd Nazri Hashim (B),Pakatan Harapan,6875,Kalah
Perak,Ayer Kuning,Maziah Binti Salim,Parti Pejuang Tanahair,105,Kalah
Perak,Sungai Manik,Cikgu Maha,Pakatan Harapan,7660,Kalah
Perak,Sungai Manik,Dato Hj. Ibrahim Bin Katop,Barisan Nasional,7154,Kalah
Perak,Sungai Manik,Zainol Fadzi Paharudin,Perikatan Nasional,11610,Menang
Perak,Kampong Gajah,Mohd Syamsul Bin Alauddin,Pakatan Harapan,2824,Kalah
Perak,Kampong Gajah,Zafarulazhan Bin Zan,Perikatan Nasional,15634,Menang
Perak,Kampong Gajah,Datuk Dr Wan Norashikin Binti Wan Noordin,Barisan Nasional,11877,Kalah
Perak,Kampong Gajah,Mohd Safian Sauri Bin Pandak Abd Samad,Parti Pejuang Tanahair,299,Kalah
Perak,Pasir Panjang,Haji Rosli Abd Rahman,Perikatan Nasional,20182,Menang
Perak,Pasir Panjang,Hj. Mohd Rafiq Bin Mohd,Barisan Nasional,13301,Kalah
Perak,Pasir Panjang,Nur Inderasyawalis Bin Ahmad Mukhtar,Parti Warisan Sabah,274,Kalah
Perak,Pasir Panjang,Cikgu Yahaya,Pakatan Harapan,15065,Kalah
Perak,Pasir Panjang,Dato' Mohd Norazlee Bin Mohd,Parti Pejuang Tanahair,339,Kalah
Perak,Pangkor,Norhaslinda Zakaria,Perikatan Nasional,8507,Menang
Perak,Pangkor,Dato Norzaman,Barisan Nasional,7496,Kalah
Perak,Pangkor,Yahaya Bin Ahmad,Parti Warisan Sabah,170,Kalah
Perak,Pangkor,Mohd Azlan Bin Suhaimi,Parti Pejuang Tanahair,181,Kalah
Perak,Pangkor,Cikgu Razak @ Cr,Pakatan Harapan,5654,Kalah
Perak,Rungkup,Munzirie Kabir,Pakatan Harapan,3614,Kalah
Perak,Rungkup,Cikgu Mukri,Perikatan Nasional,3537,Kalah
Perak,Rungkup,Dato' Shahrul,Barisan Nasional,7023,Menang
Perak,Hutan Melintang,Khairun Nizam Bin Marsom,Perikatan Nasional,4976,Kalah
Perak,Hutan Melintang,Khairuddin Bin Tarmizi,Barisan Nasional,10794,Kalah
Perak,Hutan Melintang,Wasanthee A/P Sinnasamy,Pakatan Harapan,11924,Menang
Perak,Pasir Bedamar,S.Suria,Perikatan Nasional,2803,Kalah
Perak,Pasir Bedamar,Kong Sun Chin,Barisan Nasional,3615,Kalah
Perak,Pasir Bedamar,Woo Kah Leong,Pakatan Harapan,21061,Menang
Perak,Changkat Jong,Badrul Hisham Bin Badarudin,Pakatan Harapan,12145,Kalah
Perak,Changkat Jong,Hj. Nadziruddin Bin Hj. Mohamed Bandi,Perikatan Nasional,13232,Menang
Perak,Changkat Jong,Mohd Azhar Bin Jamaluddin,Barisan Nasional,11044,Kalah
Perak,Changkat Jong,Muhammad Amirul Mahfuz,Parti Pejuang Tanahair,312,Kalah
Perak,Sungkai,A. Sivanesan,Pakatan Harapan,9549,Menang
Perak,Sungkai,Thilak Raj A/L Gunasekaran,Perikatan Nasional,1744,Kalah
Perak,Sungkai,Cikgu Mahhadee,Bebas,588,Kalah
Perak,Sungkai,Dato' Elango,Barisan Nasional,4311,Kalah
Perak,Slim,Ustaz Zulfadli Zainal,Perikatan Nasional,9153,Menang
Perak,Slim,Zaidi Aziz,Barisan Nasional,8737,Kalah
Perak,Slim,Ustaz Meor Azim,Parti Pejuang Tanahair,201,Kalah
Perak,Slim,Mohd Syahid Bin Mohd Zaini,Pakatan Harapan,5455,Kalah
Perak,Behrang,Khairol Najib,Pakatan Harapan,10135,Kalah
Perak,Behrang,Mohd Amran Bin Ibrahim,Perikatan Nasional,9240,Kalah
Perak,Behrang,Salina Samsudin,Barisan Nasional,10337,Menang
Perak,Behrang,Hazvee Bin Hafiz,Parti Pejuang Tanahair,317,Kalah
Perlis,Titi Tinggi,Teh Seng Chuan,Pakatan Harapan,1512,Kalah
Perlis,Titi Tinggi,Teh Chai Aan,Barisan Nasional,1816,Kalah
Perlis,Titi Tinggi,Izizam Bin Ibrahim (Adi),Perikatan Nasional,5601,Menang
Perlis,Titi Tinggi,Khaw Hock Kong,Parti Warisan Sabah,81,Kalah
Perlis,Titi Tinggi,Shahril (Caen),Parti Pejuang Tanahair,152,Kalah
Perlis,Titi Tinggi,Zahidi Bin Zainul Abidin,Bebas,425,Kalah
Perlis,Beseri,Cikgu Mat Safar,Pakatan Harapan,1684,Kalah
Perlis,Beseri,Ruzaini Bin Rais,Barisan Nasional,2993,Kalah
Perlis,Beseri,Haziq Asyraf Dun,Perikatan Nasional,4040,Menang
Perlis,Beseri,Shamim Nordin,Parti Warisan Sabah,96,Kalah
Perlis,Chuping,Natthavuth Seng,Pakatan Harapan,1602,Kalah
Perlis,Chuping,Asmaiza Binti Ahmad,Barisan Nasional,3453,Kalah
Perlis,Chuping,Hj Saad Bin Seman,Perikatan Nasional,5873,Menang
Perlis,Mata Ayer,Amran Bin Kamarudin,Pakatan Harapan,794,Kalah
Perlis,Mata Ayer,Siti Berenee,Barisan Nasional,2398,Kalah
Perlis,Mata Ayer,Wan Badariah Binti Wan Saad,Perikatan Nasional,4419,Menang
Perlis,Santan,Cikgu Mazlina,Pakatan Harapan,1030,Kalah
Perlis,Santan,Azizan Sulaiman,Barisan Nasional,2644,Kalah
Perlis,Santan,Ustaz Azmir,Perikatan Nasional,4752,Menang
Perlis,Bintong,Cikgu Azhari,Pakatan Harapan,2029,Kalah
Perlis,Bintong,Azlan Man,Barisan Nasional,2996,Kalah
Perlis,Bintong,Fakhrul Anwar Bin Ismail,Perikatan Nasional,7325,Menang
Perlis,Bintong,Mohamad Khair Bin Mohd Noor,Parti Warisan Sabah,57,Kalah
Perlis,Bintong,Shazwan Bin Suban,Parti Pejuang Tanahair,157,Kalah
Perlis,Bintong,Datuk Hashim Suboh,Bebas,157,Kalah
Perlis,Sena,Asrul Nizan Hj Abd Jalil,Pakatan Harapan,3356,Kalah
Perlis,Sena,Saiful Daniel Mohd Yusof,Barisan Nasional,2619,Kalah
Perlis,Sena,Marzita Binti Mansor,Perikatan Nasional,5556,Menang
Perlis,Sena,Mohd Faizal Bin Yunus,Parti Pejuang Tanahair,222,Kalah
Perlis,Indera Kayangan,Gan Ay Ling,Pakatan Harapan,4830,Menang
Perlis,Indera Kayangan,Lim Weng Khee,Barisan Nasional,1882,Kalah
Perlis,Indera Kayangan,Pramoot A/L Puan,Perikatan Nasional,2957,Kalah
Perlis,Indera Kayangan,Atan Bin Jasin,Parti Warisan Sabah,736,Kalah
Perlis,Kuala Perlis,Azam Karap,Pakatan Harapan,3053,Kalah
Perlis,Kuala Perlis,Kamarudin Bin Malek,Barisan Nasional,2145,Kalah
Perlis,Kuala Perlis,Abu Bakar Bin Hamzah,Perikatan Nasional,3207,Menang
Perlis,Kuala Perlis,Azahar Bin Ahmad,Bebas,2197,Kalah
Perlis,Kuala Perlis,Muhamad Hairi Bin Noordin,Parti Warisan Sabah,68,Kalah
Perlis,Kayang,Wan Kharizal,Pakatan Harapan,1400,Kalah
Perlis,Kayang,Hamizan Bin Hassan,Barisan Nasional,2917,Kalah
Perlis,Kayang,Khairuddin Bin Abdullah,Parti Warisan Sabah,101,Kalah
Perlis,Kayang,Ustaz Asrul Aimran,Perikatan Nasional,6178,Menang
Perlis,Pauh,Azhar Bin Ameir,Pakatan Harapan,2369,Kalah
Perlis,Pauh,Syed Atif,Barisan Nasional,2695,Kalah
Perlis,Pauh,Cikgu Megat Hashirat,Perikatan Nasional,4924,Menang
Perlis,Pauh,Mohd Khalid Ahmad,Parti Warisan Sabah,1157,Kalah
Perlis,Tambun Tulang,Syahmi Suhaimi,Pakatan Harapan,1554,Kalah
Perlis,Tambun Tulang,Ismail Bin Kasim (Chu),Barisan Nasional,2971,Kalah
Perlis,Tambun Tulang,Zikri,Perikatan Nasional,5456,Menang
Perlis,Tambun Tulang,Maton Bin Din,Parti Pejuang Tanahair,182,Kalah
Perlis,Guar Sanji,Hasparizal Bin Hassan,Pakatan Harapan,601,Kalah
Perlis,Guar Sanji,Rozieana Binti Ahmad,Barisan Nasional,1616,Kalah
Perlis,Guar Sanji,Ustaz Ridzuan Bin Hashim,Perikatan Nasional,6717,Menang
Perlis,Guar Sanji,Abdul Malik Bin Abdullah,Parti Pejuang Tanahair,119,Kalah
Perlis,Simpang Empat,Amran Bin Darus,Pakatan Harapan,1111,Kalah
Perlis,Simpang Empat,Nurulhisham,Barisan Nasional,1380,Kalah
Perlis,Simpang Empat,Haji Razali Saad,Perikatan Nasional,5388,Menang
Perlis,Simpang Empat,Dr. Hakim Saad,Parti Warisan Sabah,35,Kalah
Perlis,Simpang Empat,Izhar Sudin,Parti Pejuang Tanahair,73,Kalah
Perlis,Simpang Empat,Ammar Bin Hassan,Bebas,128,Kalah
Perlis,Sanglang,Dr. Ahmad Fadhzil Mohamad,Pakatan Harapan,931,Kalah
Perlis,Sanglang,Budin,Barisan Nasional,1776,Kalah
Perlis,Sanglang,Cikgu Shukri,Perikatan Nasional,5111,Menang
Perlis,Sanglang,Zainudin Bin Yom,Parti Warisan Sabah,408,Kalah
Sabah,Bugaya,Jamil Bin Hamzah,Parti Warisan Sabah,11382,Menang
Sabah,Bugaya,Hj Abd Aziz Bin Hj Mohd Ibno,Barisan Nasional,4753,Kalah
Sabah,Bugaya,Jufazli Bin Shi Ahmad @Tongko,Bebas,693,Kalah
Sabah,Bugaya,Arastam Bin Pandorog,Pakatan Harapan,562,Kalah
Sabah,Bugaya,Karil Bin Pg.Kuraini,Parti Perpaduan Rakyat Sabah,150,Kalah
Sabah,Bugaya,Mohd Hassan Bin Abu Bakar,Parti Pejuang Tanahair,130,Kalah
Sabah,Bugaya,Nazmahwati Binti Walli,Parti Bangsa Malaysia,98,Kalah
